id,username,full_name,email,hashed_password,disabled,user_role_id
3,blabern1,Boyd Labern,blabern1@foxnews.com,m2by126iJ04w.G4Xn3FKW6O2PBd/.VOla4i.SWX0yot77FtuDFw5kUlXKYrm,TRUE,1
4,ebrenton2,Emmy Brenton,ebrenton2@dot.gov,k2b512giJ04w.G4Xn3FKW6O2PBd/.VOla4i.SWX0yot77FtuDFw5kUlXKYrm,TRUE,1
5,egerred3,Emogene Gerred,egerred3@skype.com,o2bh121iJ04w.G4Xn3FKW6O2PBd/.VOla4i.SWX0yot77FtuDFw5kUlXKYrm,FALSE,1
6,bleward4,Brooke Leward,bleward4@mtv.com,o2b1128iJ04w.G4Xn3FKW6O2PBd/.VOla4i.SWX0yot77FtuDFw5kUlXKYrm,FALSE,1
7,ahollows5,Alphonso Hollows,ahollows5@blinklist.com,v2bd12iiJ04w.G4Xn3FKW6O2PBd/.VOla4i.SWX0yot77FtuDFw5kUlXKYrm,FALSE,1
8,ahegges6,Audie Hegges,ahegges6@webs.com,22bz12wiJ04w.G4Xn3FKW6O2PBd/.VOla4i.SWX0yot77FtuDFw5kUlXKYrm,TRUE,1
9,tgrinyov7,Tedda Grinyov,tgrinyov7@moonfruit.com,v2bt12wiJ04w.G4Xn3FKW6O2PBd/.VOla4i.SWX0yot77FtuDFw5kUlXKYrm,TRUE,1
10,savann8,Sidney Avann,savann8@amazon.co.uk,p2bk127iJ04w.G4Xn3FKW6O2PBd/.VOla4i.SWX0yot77FtuDFw5kUlXKYrm,TRUE,1
11,sgooddy9,Spence Gooddy,sgooddy9@house.gov,32b1125iJ04w.G4Xn3FKW6O2PBd/.VOla4i.SWX0yot77FtuDFw5kUlXKYrm,TRUE,1
12,bbeernaerta,Barbabra Beernaert,bbeernaerta@ask.com,i2br12liJ04w.G4Xn3FKW6O2PBd/.VOla4i.SWX0yot77FtuDFw5kUlXKYrm,TRUE,1
13,dbastianb,Der Bastian,dbastianb@bbc.co.uk,p2bx12wiJ04w.G4Xn3FKW6O2PBd/.VOla4i.SWX0yot77FtuDFw5kUlXKYrm,FALSE,1
14,cbrunsdonc,Carce Brunsdon,cbrunsdonc@timesonline.co.uk,k2bw12tiJ04w.G4Xn3FKW6O2PBd/.VOla4i.SWX0yot77FtuDFw5kUlXKYrm,FALSE,1
15,sgaylordd,Shana Gaylord,sgaylordd@lycos.com,k2bi12niJ04w.G4Xn3FKW6O2PBd/.VOla4i.SWX0yot77FtuDFw5kUlXKYrm,FALSE,1
16,cjennye,Clayborn Jenny,cjennye@blogs.com,h2bd12siJ04w.G4Xn3FKW6O2PBd/.VOla4i.SWX0yot77FtuDFw5kUlXKYrm,FALSE,1
17,gtroakf,Gerald Troak,gtroakf@bloomberg.com,y2by12aiJ04w.G4Xn3FKW6O2PBd/.VOla4i.SWX0yot77FtuDFw5kUlXKYrm,TRUE,1
18,fpeacockg,Faydra Peacock,fpeacockg@diigo.com,i2bj12viJ04w.G4Xn3FKW6O2PBd/.VOla4i.SWX0yot77FtuDFw5kUlXKYrm,FALSE,1
19,zcasbourneh,Zorina Casbourne,zcasbourneh@independent.co.uk,m2be12ciJ04w.G4Xn3FKW6O2PBd/.VOla4i.SWX0yot77FtuDFw5kUlXKYrm,TRUE,1
20,dgartsidei,Darryl Gartside,dgartsidei@newsvine.com,o2bb12eiJ04w.G4Xn3FKW6O2PBd/.VOla4i.SWX0yot77FtuDFw5kUlXKYrm,TRUE,1
